group,age,symptomatic,asymptomatic,confirmed,exposure,deaths
00-09,5,0,1,1,16,0
10-19,15,2,3,5,23,0
20-29,25,25,3,28,347,0
30-39,35,37,7,34,428,0
40-49,45,19,8,27,334,0
50-59,55,28,31,59,398,0
60-69,65,76,101,177,923,0
70-79,75,95,139,234,1015,2.333333333
80-89,85,27,25,52,216,4.666666667
90-99,95,2,0,2,11,0
